{"text": " Diga ol\u00e1, Luna!", "segments": [{"id": 0, "seek": 0, "start": 0.0, "end": 4.0, "text": " Diga ol\u00e1, Luna!", "tokens": [50364, 413, 9900, 2545, 842, 11, 27355, 0, 50564], "temperature": 0.0, "avg_logprob": -0.8700449943542481, "compression_ratio": 0.6666666666666666, "no_speech_prob": 0.3377029299736023}], "language": "pt"}